ciudad,barrio,lat,lon,barrio_id,dist_parques_km,dist_colegios_km,dist_clinicas_km,dist_centroscom_km,costo_vida,seguridad
Monteria,Urbanización Tacasuán,8.73951965212834,-75.876856330868,0,0.426564391894847,0.438253777173142,0.681509318532624,0.878133600093204,Medio,Medio
Monteria,Barrio Pasatiempo,8.7450237676812,-75.8739717935386,1,0.0528833725995016,0.0454006380429739,0.601106236145149,0.43098645127975,Bajo,Medio
Monteria,Urbanización Villa Ana I,8.72887299904319,-75.8734183647811,2,0.906353055424227,0.328359583907131,1.9188743290965,1.69154976622887,Bajo,Medio
Monteria,Urbanización Villa Ana II,8.73125731534448,-75.8714728531237,3,0.617663136110821,0.279199663095976,1.78785953033241,1.36892395478604,Medio,Alto
Monteria,Urbanización El Laguito,8.73066513625369,-75.8711851327624,4,0.686193601211376,0.328571818039791,1.861124058089,1.42334414588537,Medio,Alto
Monteria,Urbanización Cundama,8.72983485472291,-75.8706796290238,5,0.785498541138447,0.409113098827135,1.97016508128922,1.49988092301536,Medio,Bajo
Monteria,Urbanización Villa Cielo,8.75236574897669,-75.844368116804,6,1.5145169833278,1.20471580160967,3.05666321014719,2.74728775776335,Alto,Medio
Monteria,Urbanización Bonanza,8.74195914130898,-75.8585596641096,7,0.487633874449384,0.398632225953342,2.33916917309696,1.00231659418503,Alto,Bajo
Monteria,Urbanización El Limonar,8.74245920909984,-75.8611768295038,8,0.334545208120289,0.143840937864291,2.04318702073693,0.705583522801658,Bajo,Bajo
Monteria,Urbanización Villa Sorrento,8.74691018823374,-75.8618670014066,9,0.116507471477806,0.49934713653403,1.75021660469363,0.719477067892997,Medio,Medio
Monteria,Urbanización Villa Fátima,8.74817965038776,-75.8626365925512,10,0.226453864466142,0.631390575368468,1.58405801385865,0.738792014489785,Bajo,Medio
Monteria,Urbanización Santa Teresa,8.74707849016533,-75.8598748643674,11,0.00391457399898993,0.301917987469271,1.87258088503816,0.924505880665028,Bajo,Medio
Monteria,Barrio Caribe,8.73645915432148,-75.8560621581916,12,1.03002484790171,0.887938313943273,2.81579442618602,1.47681156038297,Medio,Alto
Monteria,Barrio 25 de Agosto,8.74632416251569,-75.8687113025591,13,0.403099104194106,0.343518389686764,1.13671853295069,0.253993653295689,Medio,Alto
Monteria,Urbanización Villa Campestre,8.75669476091883,-75.8666498442704,14,0.429351396040864,0.328623524820748,0.578836438269487,1.44052353032603,Medio,Bajo
Monteria,Urbanización Villa Rosario,8.72722001166516,-75.8696995629559,15,1.09456567328898,0.53346803695784,2.2772273179586,1.77090405243625,Alto,Medio
Monteria,Barrio El Paraiso,8.72662208133314,-75.8732819357288,16,1.152910036899,0.132996721425699,2.15857062685038,1.92771678082688,Alto,Bajo
Monteria,Barrio Canta Claro,8.73627281445419,-75.8678547636623,17,0.430229076888924,0.251167199621529,1.67374246818711,0.737104935509126,Bajo,Bajo
Monteria,Barrio Los Robles I,8.72232579713642,-75.8817012891284,18,0.362204426510928,0.602194423800375,2.02743780422354,2.7212810000341,Medio,Medio
Monteria,Barrio Colina Real,8.72527025750938,-75.8844631847079,19,0.288082960702825,0.41290954690081,1.58329766938548,2.29729471207895,Bajo,Medio
Monteria,Barrio Los Araujos,8.72658383984201,-75.8863971584683,20,0.101761448266302,0.318668509301567,1.35096646641394,2.07677836455678,Bajo,Medio
Monteria,Barrio Furatena,8.71731143640877,-75.8880071784979,21,0.604376182556222,0.583323297571427,2.29678260575471,3.03482052752959,Medio,Alto
Monteria,Barrio 1° de Mayo,8.72821576690145,-75.8832095973721,22,0.392419192701123,0.109961116210883,1.39868699116934,2.0722210664811,Medio,Medio
Monteria,Barrio Panzenú,8.72869375928157,-75.8888490927656,23,0,0.0947244495160691,1.02789636114352,1.76457725593727,Medio,Medio
Monteria,Barrio Galilea,8.73016640280705,-75.8859208829096,24,0.275289367129359,0.0674361959003707,1.03552359502262,1.73085617869565,Alto,Medio
Monteria,Barrio El Prado,8.73205972747431,-75.8875894875178,25,0.121096491761948,0.0447941937621641,0.753165548465116,1.45719939548433,Alto,Alto
Monteria,Barrio Los Araujos,8.72657708131738,-75.8939884599185,26,0.451866169834083,0.423137977025818,1.24288661286936,1.93814508350928,Bajo,Alto
Monteria,Barrio 2 de Septiembre,8.72823016526352,-75.8920852314112,27,0.346265204833004,0.235189652708031,1.03107861022161,1.75471546632081,Medio,Bajo
Monteria,Barrio La Campiña,8.72967563756368,-75.8907903783298,28,0.218610931089698,0.0957398174401216,0.873154241628864,1.60944124936885,Bajo,Medio
Monteria,Barrio Alfonso López,8.73011802008688,-75.8942455065864,29,0.59878090492286,0.146443400083372,0.865516722238964,1.53984466303724,Bajo,Bajo
Monteria,Barrio Santa Rosa,8.72498038499661,-75.8787080846288,30,0.750085393333033,0.335882862827558,2.00961256757839,2.30535613212288,Medio,Bajo
Monteria,Barrio Paz del Río,8.72355084549318,-75.8783368441488,31,0.746233116046363,0.496600877213105,2.15295084058964,2.43709095279506,Medio,Medio
Monteria,Barrio La Candelaria,8.72330731624351,-75.8794341325628,32,0.621293914978523,0.482235279227327,2.0911885515782,2.51034243054576,Medio,Medio
Monteria,Barrio La Coquera,8.7457763678707,-75.8957353484207,33,0.037894319934476,0.31724883521877,0.372417749110466,0.118878664144755,Alto,Medio
Monteria,Barrio Simón Bolívar,8.74582913000967,-75.8977926350418,34,0.259241921934687,0.250724557315681,0.598467906250073,0.270280367214346,Alto,Alto
Monteria,Barrio Santa Lucía,8.7436170242924,-75.8965082346354,35,0.243623170603783,0.127187194809249,0.538266310893708,0.12775228042927,Bajo,Alto
Monteria,Barrio Santa Fé,8.7448656557989,-75.9001637864195,36,0.539051174873974,0.00776392369029469,0.875886469420066,0.501991187120335,Medio,Bajo
Monteria,Barrio Brisas del Sinú,8.74745971828472,-75.9002995276307,37,0.559402719492606,0.0969869653426861,0.882926528147686,0.60381036882763,Bajo,Medio
Monteria,Barrio La Granja,8.73842585942387,-75.8934980845982,38,0.342103175723707,0.341336318666909,0.233126575052917,0.602988006025715,Bajo,Bajo
Monteria,Barrio Pablo VI,8.73282402161685,-75.8926684637666,39,0.423757103083399,0.123659675383355,0.524150242644654,1.23450411198771,Medio,Bajo
Monteria,Barrio San Martín,8.73774822725098,-75.8982752708395,40,0.83782279663032,0.181597121681873,0.733960898412325,0.754357467181046,Medio,Medio
Monteria,Barrio Pastrana Borrero,8.73359695169444,-75.8985934896075,41,1.08682424238222,0.163239464852452,0.878269485770639,1.20358053803584,Medio,Medio
Monteria,Barrio Santander,8.73848551994359,-75.9003967230255,42,0.965654211535916,0,0.976939299958313,0.819758191715715,Alto,Medio
Monteria,Barrio Policarpa,8.7340341955568,-75.8958147131754,43,0.795731058480135,0.260236310136541,0.593537416921397,1.10036792462103,Alto,Alto
Monteria,Barrio Villa Mery,8.72863771490598,-75.8713706519097,44,0.912912964038793,0.437819135566585,2.04515552540563,1.64910655957524,Bajo,Medio
Monteria,Barrio Las Colinas (El Cerro),8.72799566418526,-75.8969650442523,45,0.814826270677231,0.274907352926258,1.20863290899242,1.78824833324385,Medio,Medio
Monteria,Barrio Buenavista,8.74407511525416,-75.8901642857841,46,0.137095385558458,0.0284163269812554,0.198530462550844,0.329178666127864,Bajo,Medio
Monteria,Barrio Granada,8.7425627867106,-75.8860690427907,47,0.0399057688324352,0.218362473313723,0.622779385660703,0.796845207772795,Bajo,Alto
Monteria,Barrio Miraflores,8.74174363864833,-75.8855300084214,48,0.14360328826909,0.218684156903513,0.64192079237274,0.876087551759528,Medio,Alto
Monteria,Barrio Guadalajara,8.73771444949657,-75.8857891105294,49,0.296410611702335,0.131014399954944,0.65828326689864,1.06605961813151,Medio,Bajo
Monteria,Urbanización Samaria,8.7396256791837,-75.8853467852651,50,0.368596992402635,0.219719919702779,0.750454559549326,0.985640017676208,Medio,Medio
Monteria,Barrio El Alivio,8.7346635383027,-75.8759531911887,51,0.528845537468604,0.300886557467738,1.20833792973065,1.19794403007704,Alto,Bajo
Monteria,Barrio San Cristóbal,8.73300159592641,-75.8781469119469,52,0.725272418742043,0.136526682262432,1.31327512230601,1.49098478826666,Alto,Bajo
Monteria,Urbanización Las Américas,8.73153853480208,-75.8791852279337,53,0.617628577534525,0.182377301125257,1.46001062960793,1.69218701822647,Bajo,Medio
Monteria,Urbanización Casasuán,8.74158026869682,-75.8830641244074,54,0.361507504654813,0.192636324825031,0.43501721544699,1.14681727910863,Medio,Medio
Monteria,Barrio 6 de Marzo,8.73975808111885,-75.8807982468496,55,0.520310877033467,0.0925259223210239,0.529274920481026,1.26301659081747,Bajo,Medio
Monteria,Barrio P-5,8.73480013431054,-75.8858053396553,56,0.208940126032494,0.0823101203013495,0.716758521584425,1.29974655560981,Bajo,Alto
Monteria,Barrio Mogambo,8.72917509442758,-75.8811729816342,57,0.532929346816868,0,1.4915212826359,2.03786875264523,Medio,Alto
Monteria,Barrio Edmundo López,8.73483795001473,-75.880150713177,58,0.564208875496137,0.124640309910258,1.0823972065998,1.48940746689111,Medio,Bajo
Monteria,Urbanización El Diamante,8.73830455816871,-75.8780752478225,59,0.554615336918926,0.306071510556768,0.738907834997382,1.06645526055471,Medio,Medio
Monteria,Barrio La Pradera,8.73841254585016,-75.8727301007894,60,0.22131813565171,0.514942452181857,1.09225639614745,0.653071927777057,Alto,Bajo
Monteria,Barrio 20 de Julio,8.804727015603,-75.8560178018475,61,2.91841079687274,0.576489734948983,3.93398786022017,2.90553213025774,Alto,Bajo
Monteria,Barrio Camilo Torres,8.80499214119176,-75.8527285418915,62,2.61151378059969,0.593664323073231,4.09515089613447,3.04070488957574,Bajo,Medio
Monteria,Barrio Mocarí,8.80076010492559,-75.8544808444816,63,2.66775553048085,0.222734289930643,3.58024799541453,2.5260215946486,Medio,Medio
Monteria,Barrio 7 de Mayo,8.79817078654839,-75.8600172419223,64,2.1952897494033,0.288131816485491,3.09610441199348,2.09910413096115,Bajo,Medio
Monteria,Barrio El Bosque,8.80129139706722,-75.8486244977735,65,2.59816312996896,0.494981562632943,3.94076302875855,2.84441624609127,Bajo,Alto
Monteria,Urbanización San Francisco,8.78671674887802,-75.8626807644626,66,0.871466914669873,0.589432239557863,1.77479193144301,0.79755200384171,Medio,Medio
Monteria,Barrio Los Robles del Norte,8.78293330479981,-75.8572716561659,67,0.818998747071955,0.864244843823829,1.70286717447302,0.567838061246066,Medio,Medio
Monteria,Urbanización Sevilla,8.7804810058129,-75.8578705962066,68,0.632922643988884,0.786149314894237,1.45929182858586,0.314214748193459,Medio,Medio
Monteria,Barrio El Recreo,8.7794183906605,-75.8678739204926,69,0.372006415062355,0.170055821408515,0.830922181924462,0.523043605189729,Alto,Alto
Monteria,Barrio La Castellana,8.76674155286445,-75.8642701037321,70,0.115411071440042,0.174378028777474,0.640435563004022,0.661078329396999,Alto,Alto
Monteria,Urbanización Castilla La Nueva,8.77258232607846,-75.8611205755211,71,0.0681559455778041,0.234646140001071,0.718126754421004,0.414982586828381,Bajo,Bajo
Monteria,Barrio La Española,8.77021665835749,-75.8627867418983,72,0.241972851837396,0.144299650794925,0.551669619527706,0.428161911018308,Medio,Medio
Monteria,Urbanización Los Bongos,8.77353349501846,-75.8681076772537,73,0,0.315758436908632,0.181254640147168,0.194450651820203,Bajo,Bajo
Monteria,Barrio Los Alcázares,8.77385227730184,-75.8644748354108,74,0.237549883439646,0,0.415784632186285,0.149084094426382,Bajo,Bajo
Monteria,Barrio Villa Luz,8.77385821189147,-75.8841503577119,75,0.822543677190913,0.831860640822868,1.5545724384632,1.96356884132692,Medio,Medio
Monteria,Barrio La Esperanza,8.7748894564108,-75.8827195070009,76,0.922175166488286,0.864566700859029,1.54846799031892,1.81629969261389,Medio,Medio
Monteria,Urbanización La Navarra,8.74667347136003,-75.9072854211953,77,0.56185338068101,0.281329656566123,1.65240903260091,1.31357786155128,Medio,Medio
Monteria,Urbanización El Portal I,8.74634730994369,-75.9079484717936,78,0.609465458757376,0.26347135007771,1.72587433194754,1.38090911918899,Alto,Alto
Monteria,Barrio La Palma,8.75074873157446,-75.9078816528808,79,0.155877053904423,0.106577964409891,1.78772157180965,1.52246822401997,Alto,Alto
Monteria,Barrio Rancho Grande,8.75160282888536,-75.906286758339,80,0.0433780292087359,0.138822486865491,1.64965480129526,1.41664784623121,Bajo,Bajo
Monteria,Barrio Mi Ranchito,8.75438370323125,-75.9086119993942,81,0.0889578343066218,0.30125875960593,2.01325179445818,1.80901939637527,Medio,Medio
Monteria,Barrio Nuevo Horizonte,8.75150463598262,-75.9042972278877,82,0.234290056801417,0.160112144040311,1.44047589892964,1.23074852356929,Bajo,Bajo
Monteria,Urbanización Villa Sinú,8.81050314713109,-75.8572792141717,83,2.71897706808759,1.16641675937847,4.51627378208329,3.51689692737761,Bajo,Bajo
Monteria,Barrio Portal del Norte,8.8035648035082,-75.8468300358355,84,2.2734467487224,0.791038374690019,4.26405730060783,3.16343911805574,Medio,Medio
Monteria,Barrio El Ceibal,8.80521017989242,-75.8405536310256,85,1.76558024236872,0.813383034419188,4.82203479200713,3.69102555868189,Medio,Medio
Monteria,Urbanización Castilla Real,8.76879693902997,-75.8601857880861,86,0.0195780410751168,0.258098426179359,0.878429663841207,0.758041168181974,Medio,Medio
Monteria,Barrio Sucre,8.76764308607829,-75.8801740248966,87,0.285366314378573,0.0134120623575173,0.743908453638847,1.62278776890825,Alto,Alto
Monteria,Barrio El Cármen,8.76505317179635,-75.878531743485,88,0.329275442935498,0.156896201817851,0.426578984635027,1.59169687941394,Alto,Medio
Monteria,Barrio Sucre (Invasión),8.77040340412638,-75.8806738349269,89,0.472713270760375,0.314496744021537,1.05892277928448,1.59488940848379,Bajo,Medio
Monteria,Barrio Luis Carlos Galán,8.76905110941917,-75.8784336889487,90,0.531863284618975,0.238000814977672,0.876740149005472,1.38763953268115,Medio,Medio
Monteria,Sector Industrial,8.76631350372977,-75.8755656665127,91,0.296990262465631,0.129345749568332,0.651748970197853,1.2390224177032,Bajo,Alto
Monteria,Barrio Prado Norte,8.76654476506117,-75.8710770012892,92,0.228229951403566,0.456047204997724,0.617184273847837,0.862750329449618,Bajo,Alto
Monteria,Barrio Villa del Río,8.7652936488352,-75.8725384830459,93,0.241827792187655,0.46772539696366,0.532367653204206,1.07333705760896,Medio,Bajo
Monteria,Barrio Altos del Country,8.76487472318176,-75.8744324055488,94,0.185769412461654,0.280035444827517,0.561569522771459,1.24873869132007,Medio,Medio
Monteria,Alamedas del Sinú,8.76360943282044,-75.8742383887042,95,0.0810059888639559,0.253959682005353,0.432444727066352,1.33990221461839,Medio,Bajo
Monteria,Barrio Los Laureles,8.76231866891102,-75.8757893067221,96,0.0438991582369826,0.188281878767398,0.301304626341464,1.56256632343634,Alto,Bajo
Monteria,Barrio Los Ángeles,8.76161816666347,-75.871018443525,97,0.121376647605581,0.377915649132071,0.141384576486656,1.33557550409779,Alto,Medio
Monteria,Urbanización Versalles,8.75897893791832,-75.8721688906932,98,0.0522764218979994,0.365826272780887,0.0952689652167855,0.434705698909216,Bajo,Medio
Monteria,Urbanización Brizalia,8.75778809386755,-75.8735098845195,99,0.0336162744431079,0.320747698136711,0.290495543757663,1.55562305082913,Medio,Medio
Monteria,Urbanización El Mora,8.75493560638864,-75.8711601972148,100,0.0433379145065252,0.453891320023276,0.526070072741119,1.19401078822717,Bajo,Alto
Monteria,Barrio La Floresta,8.75453912988619,-75.873902851708,101,0,0.146367973456315,0.434705694909216,1.21794641177107,Bajo,Alto
Monteria,Barrio El Edén II,8.75153135308086,-75.8762095849412,102,0.202455456365234,0.178721111500759,0.180547914894693,1.05049034034983,Medio,Bajo
Monteria,Barrio San José,8.74907987100845,-75.8719663064156,103,0.387072073994911,0.050436715025625,0.724582589853271,0.566487530597507,Medio,Medio
Monteria,Ranchos del INAT,8.76167616674591,-75.8596939743124,104,0.571124905720537,0.562007774011502,1.24946570168236,1.39162970214831,Medio,Bajo
Monteria,Barrio Nariño,8.76156496009994,-75.8783254256142,105,0.0304021812459393,0.25978880440905,0.0355227205602073,1.81910888713082,Alto,Bajo
Monteria,Barrio Mogambito,8.73154728496964,-75.877244885063,106,0.83090823009824,0.0417705110961274,1.49480953443235,1.57250263012285,Alto,Medio
Monteria,Barrio Villa Rocío,8.73104516705977,-75.8742936158933,107,0.70351096613539,0.292788139991994,1.65577676798442,1.48942514327682,Bajo,Medio
Monteria,Barrio Montería Moderno,8.76093641095037,-75.8811993032699,108,0.000564251799184233,0.233537199355376,0.283601872011229,2.10571230405477,Medio,Medio
Monteria,Barrio Ospina Pérez,8.75651590492109,-75.8775827530986,109,0.168031122934207,0.370919668187019,0.42808926266211,1.59765812274388,Bajo,Alto
Monteria,El Centro,8.75846270457924,-75.8844980933085,110,0.184474648451605,0.117617201880197,0.179652884368731,1.81799173963316,Bajo,Medio
Monteria,Barrio La Ceiba,8.75566412491238,-75.8816388781851,111,0.399398814288663,0.109662639728384,0.180000147054762,1.79934028824489,Medio,Medio
Monteria,Barrio El Edén I,8.75293704461939,-75.8788995033361,112,0.327375964566571,0.252493406486223,0.170365184859047,1.37012605009813,Medio,Medio
Monteria,Barrio Chuchurubi,8.75262473064122,-75.8857226558848,113,0.276334106813069,0.0366781849197966,0.139335850017566,1.23185991444136,Medio,Alto
Monteria,Barrio Colón,8.74923683204963,-75.8881177300341,114,0.0991805245345767,0.123194096975956,0.51623852265179,0.784490337015551,Alto,Alto
Monteria,Barrio Santa Clara,8.74907444965402,-75.8848110205654,115,0.177893289851744,0.206834425378753,0.407820093150686,1.07739254310739,Alto,Bajo
Monteria,Barrio Balboa,8.74763937666465,-75.8863294774304,116,0.0225317676615293,0.145164959479748,0.534973981145615,0.852582836700785,Bajo,Medio
Monteria,Urbanización Lacharme,8.74573025024352,-75.8876684243513,117,0.0475789751617605,0.208234778204411,0.428089798687518,0.634881905637301,Medio,Bajo
Monteria,Barrio Pueblo Nuevo,8.7492320173039,-75.8815462659905,118,0.249717186116932,0.111612345259497,0.149211832614533,1.38128240908303,Bajo,Bajo
Monteria,El Coliseo,8.74727285928156,-75.8819979448579,119,0.0235639662037479,0.112192094171575,0.0915651221082125,1.28958867766281,Bajo,Medio
Monteria,Barrio Chambacú,8.74791825656566,-75.8834531500801,120,0.185834313311986,0.14773667139827,0.263065667095954,1.15846640397371,Medio,Medio
Monteria,Barrio Risaralda,8.74638455031498,-75.8845678811586,121,0.248200551287049,0.0449540925768943,0.311971871567644,0.987374955866754,Medio,Medio
Monteria,Barrio La Victoria,8.74491545312379,-75.8850545250838,122,0.238806202272171,0.196661945838149,0.388733430262054,0.904659780774263,Medio,Alto
Monteria,Barrio Obrero,8.74374080581452,-75.886294383923,123,0.0673543859609482,0.135241078917953,0.569187873078481,0.758902870491023,Alto,Alto
Monteria,Barrio 14 de Julio,8.7432840260178,-75.8851603620076,124,0.0983014022382567,0.129751409927844,0.493079892297228,0.88722132041682,Alto,Bajo
Monteria,Barrio La Julia,8.74487706148289,-75.8832445225856,125,0.211382155760755,0.115196380286037,0.21437797520661,1.10462037518807,Bajo,Medio
Monteria,Urbanización El Oriente,8.75012392371675,-75.8683428775698,126,0.638889312440704,0.450088558079414,1.04429937404299,0.677060391168231,Medio,Bajo
Monteria,Barrio Los Álamos,8.74977031474168,-75.8784874395268,127,0.478135198873942,0.274990780677078,0.196650695313183,1.10897674980372,Bajo,Bajo
Monteria,Barrio Costa de Oro,8.74656650669613,-75.8782145980957,128,0.257358189737453,0.218521455675854,0.10198920854687,0.930895690391329,Bajo,Medio
Monteria,Barrio Urbina,8.74359536063059,-75.8818750717772,129,0.294592501260601,0.0947646020506043,0.185371515795551,1.25107286735989,Medio,Medio
Monteria,Barrio Río de Janeiro,8.75269497589362,-75.8942128291647,130,0.0959366388623569,0.256566712464267,0.711714881603738,0.835705276847333,Medio,Medio
Monteria,Urbanización El Puente Nº2,8.7544756511105,-75.8960110567949,131,0.137860357437806,0.226956931911149,0.974834144404499,1.06141058082237,Medio,Alto
Monteria,Barrio El Amparo,8.75478458688248,-75.8947857480398,132,0.146207764292498,0.276575803274467,0.955096391272539,1.07473913291328,Alto,Medio
Monteria,Urbanización Villa Real,8.75669271461171,-75.8946323549738,133,0,0.190794234903064,1.03200085492742,1.28777840179128,Alto,Medio
Monteria,Barrio Villa Nueva,8.75634062399715,-75.8931545020174,134,0.127124590816688,0.165710595862315,0.870810540727964,1.24862952445026,Bajo,Medio
Monteria,Barrio La Esmeralda,8.75752799504503,-75.8925274288286,135,0.223202018684092,0.160129117381909,0.797863265059523,1.38815153003124,Medio,Alto
Monteria,Urbanización Las Viñas,8.75937421131577,-75.8943927269377,136,0.289882080923749,0.147340706837092,1.03574727515785,1.58823987057463,Bajo,Alto
Monteria,Barrio Casita Nueva,8.76083455125044,-75.8934921646005,137,0.468595293236222,0.300248606108342,0.995990433299649,1.75251694977821,Bajo,Bajo
Monteria,Barrio Minuto de Dios,8.76005667095985,-75.8911635512247,138,0.344801209839166,0.253293455748536,0.72453298034304,1.6923534578376,Medio,Medio
Monteria,Barrio Campo Alegre,8.7630047325943,-75.8905665799717,139,0.304229318412463,0.359467315145619,0.879470426850021,2.03095771646192,Medio,Bajo
Monteria,Barrio La Alboraya,8.76457811878364,-75.8895153267188,140,0.293231976705815,0.214603353831254,0.958166585817128,2.22820380094676,Medio,Bajo
Monteria,Barrio Magdalena,8.76582510417521,-75.8888935312836,141,0.363532553006493,0.0681311888655184,1.05577833909379,2.38073324777395,Alto,Medio
Monteria,Barrio El Rosario,8.76772966022071,-75.8889861010767,142,0.567461531953508,0.112996882844706,1.26073805264177,2.56141181416493,Alto,Medio
Monteria,Barrio El Tambo,8.77105147962608,-75.8895083544568,143,0.904666866588545,0.372774416778893,1.63514953006494,2.56334115301124,Bajo,Medio
Monteria,Urbanización Manuel Antonio Buelvas,8.76918804066024,-75.8877584433234,144,0.631247265709455,0.295797297624024,1.36900311926122,2.39533131442851,Medio,Alto
Monteria,Barrio Juan XXIII,8.76677063258644,-75.8862693841067,145,0.384616803318143,0.243287446255034,1.06778940071369,2.29683634811751,Bajo,Alto
Monteria,Barrio El Bongo,8.76587252559056,-75.8849928240792,146,0.217571276879642,0.373864900695617,0.893481093081847,2.19507475936623,Bajo,Bajo
Monteria,Sector Campano,8.74738323205931,-75.9043068171001,147,0.554254489181122,0.215550005096822,1.32538174045278,1.00958211232529,Medio,Medio
Monteria,Casa Finca,8.74906431513459,-75.9037757552729,148,0.443228167014822,0.044871050527377,1.29728857970937,1.02947406744322,Medio,Bajo
Monteria,Urbanización Caracolí,8.75230353214733,-75.9017588441389,149,0.506710162350813,0.0129180608638206,1.23339995677732,1.09425379772105,Medio,Bajo
Monteria,Urbanización Betancí,8.74940188347509,-75.8954533648112,150,0.364160689969059,0.126672481306975,0.477735094674587,0.494381420914064,Alto,Medio
Monteria,Barrio Nueva Holanda,8.75220534928299,-75.8980569465605,151,0.303466098903101,0.187997751337852,0.90520751242181,0.887682410990017,Alto,Medio
Monteria,Urbanización el Puente Nº1,8.74996780532721,-75.8937545651333,152,0.291334934225858,0.0484386383069193,0.408377225290681,0.528250229597483,Bajo,Medio
Monteria,Barrio La Ribera,8.75167353377721,-75.8958201783549,153,0.15064430648322,0.0702770473655131,0.693659634054337,0.750375077305741,Medio,Alto
Monteria,Barrio República de Panamá,8.75388495314133,-75.8974242046987,154,0.220432915314983,0.0707480907228977,1.00009593733811,1.04332776875614,Bajo,Medio
Monteria,Barrio El Dorado,8.7629857484153,-75.8988164778422,155,0.843568918563017,0.188260840420538,1.63590519796118,2.067228932875,Bajo,Medio
Monteria,Barrio El Poblado,8.76655877759836,-75.9024984887703,156,1.18719678740186,0.761429693510684,2.18281044761315,2.57710852016209,Medio,Medio
Monteria,Urbanización El Nispero,8.75638831827785,-75.9059650788203,157,0.0482361664898767,0.198550469524849,1.88091219083574,1.74750999428128,Medio,Alto
Monteria,Urbanización Los Colores,8.74622712770153,-75.9097099613382,158,0.689996309300197,0.375708719823933,1.92202993676785,1.57386173249241,Medio,Alto
Monteria,Urbanización El Privilegio,8.75761268844674,-75.8687726302605,159,0.263666374040763,0.330909382390262,0.329187067452452,1.49808967280869,Alto,Bajo
Monteria,Barrio El Tendal,8.7498907989387,-75.8904632725998,160,0.143921046989987,0.243281630541214,0.400229961193169,0.646472856028672,Alto,Medio
Monteria,Barrio Edmundo López II,8.72937018143755,-75.8764279609285,161,0.979742129559288,0.276639859644666,1.75480324852735,1.75045789018467,Bajo,Bajo
Monteria,Barrio Robinson Pitalúa,8.72607721879936,-75.8818395348232,162,0.533430471944721,0.208494086910166,1.68007487698331,2.35729928852662,Medio,Bajo
Monteria,Barrio Villa Margarita,8.73056587914845,-75.8921644775334,163,0.363677319437454,0.0494742188628067,0.768890264614268,1.49168652528701,Bajo,Medio
Monteria,Barrio Tacasuan II,8.7413213763744,-75.876268883572,164,0.265601683503257,0.382114085664346,0.580135714321681,0.72906244273158,Bajo,Medio
Monteria,Barrio Damasco,8.73377402175348,-75.8776748097503,165,0.745055143661096,0.179495696100941,1.2398758322671,1.38985861549361,Medio,Medio
Monteria,Vereda Tropical,8.72585293790307,-75.8767524335328,166,0.98880530305607,0.268085358285585,2.10963179002388,2.13170270436776,Medio,Alto
Monteria,Barrio Manuel Jiménez,8.77852637230502,-75.8836042011458,167,1.33582035264916,1.28406370540604,1.76856776226735,2.00690333706213,Medio,Alto
Monteria,Barrio El Campano,8.76296104673514,-75.8932877970145,168,0.596980486114913,0.388640873540972,1.09958106919703,1.99263096609016,Alto,Bajo
Monteria,Barrio Los Ebanos,8.74944714589665,-75.909920142481,169,0.421391080480815,0.282128899369212,1.97593742075054,1.67578095800691,Alto,Medio
Monteria,Barrio Villa Nazaret,8.75149909137128,-75.9120101728899,170,0.422571667896992,0.259587392285755,2.25325355116893,1.97545871398969,Bajo,Bajo
Monteria,Urbanización El Portal II,8.75017988343978,-75.9117323124295,171,0.494063108463981,0.299278622232636,2.18948956448,1.8933617633515,Medio,Bajo
Monteria,Barrio La Vid,8.75290113010029,-75.9139302474262,172,0.577161727112892,0.480671990265377,2.50223847794922,2.23463104227904,Bajo,Medio
Monteria,El Privilegio,8.71381563644649,-75.8927633877717,173,1.23552391040731,0.0790258458244844,2.65621480797386,3.37439787697188,Bajo,Medio
Monteria,Barrio Nueva Esperanza,8.7234463005213,-75.8903985856316,174,0.186329989430845,0.66960111270886,1.57552564660125,2.30984327396255,Medio,Medio
Monteria,Barrio Villa Paz,8.71986427511384,-75.8870867369987,175,0.308319261978692,0.850280466168368,2.03789587437122,2.77610126504199,Medio,Alto
Monteria,Barrio Los Robles II,8.72007544790056,-75.8821120191451,176,0.414752621087105,0.859169045701168,2.22133575985905,2.93817505555335,Medio,Medio
Monteria,Barrio Santa Isabel,8.7245847239745,-75.8729952451795,177,1.35199618249911,0.22914078591517,2.38430918618623,2.13715944107464,Alto,Medio
Monteria,Barrio Los Nogales,8.72299470428296,-75.8738760994216,178,1.23429381195634,0.354866853534635,2.52304614645023,2.33683667473286,Alto,Medio
Monteria,Barrio Villa Los Álpes,8.72286868667977,-75.8711453690751,179,1.5375292598196,0.511001680432406,2.63995015121615,2.27957977644001,Bajo,Alto
Monteria,Barrio Las Acacias,8.72586040176988,-75.8707021037552,180,1.2299425465625,0.407959742609698,2.35575575346514,1.93917934395963,Medio,Alto
Monteria,Barrio Villa Jiménez,8.72009319318997,-75.8723400562283,181,1.42930694685799,0.713832681660194,2.88608572025734,2.61137578931527,Bajo,Bajo
Monteria,Barrio Nueva Belén,8.73195406240639,-75.8648018321794,182,0.937192806605708,0.434354246040791,2.23585777730279,1.26407798163418,Bajo,Medio
Monteria,Barrio Nueva Jerusalén,8.73049813117061,-75.8663296863553,183,0.921927776975178,0.55276914617524,2.21925674270405,1.39513428920495,Medio,Bajo
Monteria,Barrio Villa Caribe,8.73605849982663,-75.859247018717,184,0.779602151337856,0.70004160791777,2.52245916366639,1.2072164693072,Medio,Bajo
Monteria,Barrio Villa Sofia,8.74218372400622,-75.8600355947829,185,0.445663125334041,0.241654532295786,2.1739155777966,0.836201452010232,Medio,Medio
Monteria,Barrio Villa Natalia,8.74621497255018,-75.8624575687098,186,0.208485911073716,0.522576747839806,1.77897877537341,0.623670455718854,Alto,Medio
Monteria,Vereda Horizonte,8.76176711419018,-75.849381897353,187,1.33588874438423,0.538668304136098,2.30720250351036,2.18986652586199,Alto,Medio
Monteria,Barrio Santa Bárbara,8.75125387273477,-75.8634030990482,188,0.521513188106473,0.38997163841094,1.26008778631272,0.96858863860366,Bajo,Alto
Monteria,Barrio Altos de La Floresta,8.75432334279765,-75.8699647336586,189,0.136788184391502,0.440351164255645,0.604286392894201,1.11992920052505,Medio,Alto
Monteria,Barrio Monteverde,8.75976688378446,-75.8656126087202,190,0.465513973327675,0.0753076277867751,0.573492075019541,1.41994860496567,Bajo,Bajo
Monteria,Barrio Villa Norte,8.77656891071859,-75.8503684600797,191,1.3191818946267,1.30933000539464,1.9853784491744,1.10366573794936,Bajo,Medio
Monteria,Barrio Cantabria,8.77830095644451,-75.8489769766865,192,1.53330335653019,1.50147399635895,2.19291929606848,1.23291579202825,Medio,Bajo
Monteria,Barrio Bosques de Sevilla,8.77925796430833,-75.8494170959562,193,1.53548492681168,1.48696299487495,2.18656128368817,1.18474730675413,Medio,Bajo
Monteria,Urbanización Dulce Hogar,8.78443192941873,-75.8405965744082,194,2.60472949628649,1.59666327611904,3.32147918825739,2.25913663794652,Medio,Medio
Monteria,Barrio Robles del Norte,8.78418397541708,-75.8658541553145,195,0.590055998728852,0.252277266933264,1.4036281392432,0.655727705041427,Alto,Medio
Monteria,Barrio Las Parcelas,8.80211693557794,-75.8540519431317,196,2.82725699328441,0.304772866683889,3.73937289278141,2.68601342413935,Alto,Medio
Monteria,Barrio Palma  Verde,8.80937395775801,-75.8432290786839,197,1.51079756587069,1.36038673347073,5.03132168749593,3.92949985852748,Bajo,Alto
Monteria,Barrio Paz del Norte,8.80871059706253,-75.8588409300688,198,2.96030417901459,0.957982022864039,4.27448538916293,3.29357180112108,Medio,Medio
Monteria,Urbanización Altos del Norte,8.82164881205569,-75.8417146314842,199,0.793324708301219,1.10072897579075,6.31679888074505,5.24810187955226,Bajo,Medio
Monteria,Barrio Los Cedros,8.82243909727925,-75.8379216235482,200,0.446949774892222,0.754829819044696,6.59657881338927,5.50801065570376,Bajo,Medio
Monteria,Urbanización COMFACOR,8.82015069924504,-75.8341557038069,201,0.000931031369165366,0.894707725523967,6.60089725700536,5.48681135660786,Medio,Alto
Monteria,Barrio Los Urapanes,8.7402554080732,-75.8766191475251,202,0.354249410262433,0.483083770123325,0.633237693970734,0.814084201116107,Medio,Alto
Monteria,Barrio Boston,8.73184416607173,-75.8817207086217,203,0.334191697039125,0.102824147606743,1.27301193926105,1.8489795485809,Medio,Bajo
Monteria,Barrio Andalucía,8.73455944044739,-75.883026521954,204,0.291847905057727,0.229791153787712,1.01556179764462,1.53168965787359,Alto,Medio
Monteria,Urbanización Villa Sabanas,8.75531321342861,-75.865730444309,205,0.527973683694464,0.213571405879153,0.75468169477489,1.31847436396099,Alto,Bajo
Monteria,Urbanización El Nispero II,8.76007281463945,-75.9096788236455,206,0.506809703026834,0.33610201896688,2.46205067465673,2.33229278259909,Bajo,Bajo
Monteria,Urbanización Santa Elena,8.74761555615301,-75.8572948596592,207,0.122813039782056,0.0842517718833867,2.03214049938845,1.21225309882718,Medio,Medio
Monteria,Urbanización Mandala,8.73422384291099,-75.8616739162261,208,0.819452121617321,0.475496696142377,2.38244409610885,1.17521629473699,Bajo,Medio
Monteria,Urbanización Finzenú,8.73131684077092,-75.8607011236696,209,1.16429381384909,0.742469295779788,2.64595792767367,1.5093339625067,Bajo,Medio
Monteria,Urbanización La Victoria,8.72973182897211,-75.8615211646318,210,1.31236957916767,0.816864384104881,2.67741591039858,1.6245212085228,Medio,Alto
Monteria,Urbanización La Gloria,8.72675218117652,-75.8900353524565,211,0.119714303705427,0.330239051087819,1.21074742514353,1.94820531100116,Medio,Alto
Monteria,Barrio Villa Melisa,8.72132254546793,-75.8856021644711,212,0.0799630248384211,0.860272719158788,1.93104357238661,2.6644709857704,Medio,Bajo
Monteria,Urbanización Vallejo,8.7158843004388,-75.8932548943505,213,1.09388670821153,0.201684006525887,2.42680588010266,3.14118136806606,Alto,Medio
Monteria,Urbanización San Antonio,8.75650997206407,-75.9010013337628,214,0.593495180189236,0.178004475674649,1.48133122364829,1.45857094776911,Alto,Bajo
Monteria,Urbanización Mi Refugio,8.75066077443214,-75.8655881521709,215,0.649786387356,0.319892802584603,1.17000518379121,0.81836438888436,Bajo,Bajo
Monteria,Barrio Los Corales,8.74605799749664,-75.8646514246318,216,0.440904480714146,0.576994157035428,1.58954917821342,0.411739811521598,Medio,Medio
Medellin,U.P.B,6.2422633657121,-75.5894945534372,0,0.285704369490071,0.463452569065747,0.266408698686955,0.311531595929629,Medio,Medio
Medellin,Cerro Nutibara,6.23508876315061,-75.5791369085746,1,0.164019557169256,0.419807521561173,0.529565712041332,0.836697957097101,Medio,Medio
Medellin,Mirador del Doce,6.3032037572752,-75.5832527260094,2,0.19853830937984,0.287031755492381,0.547763569348939,3.55041857629971,Medio,Medio
Medellin,El Nogal-Los Almendros,6.23731660889384,-75.5966317429522,3,0.223464342148933,0.105975701834099,0.110734515198064,0.86566854378527,Alto,Medio
Medellin,El Triunfo,6.30767262522229,-75.5852394604681,4,0.553435472657681,0.0345488973270935,0.966003179257756,3.61297695464612,Alto,Alto
Medellin,Enciso,6.24906324493226,-75.5506777748421,5,0.415414810978921,0.119905784509236,0.185738863787037,1.19202113220535,Bajo,Alto
Medellin,La Esperanza,6.29279086343831,-75.5767411471486,6,0.463088479313862,0.0644314292834091,0.749722534321101,2.3124067046204,Medio,Bajo
Medellin,Las Estancias,6.23244856291025,-75.5328583098352,7,0.625436538337655,0.0415040513279677,0.999080336917116,1.81323256461038,Medio,Medio
Medellin,Pablo VI,6.30340879444139,-75.5532633129136,8,0.135931277697222,0.0493925415830505,0.0910253578151075,2.60783400904623,Medio,Medio
Medellin,Ecoparque Cerro El Volador,6.2665669062662,-75.5814070216051,9,0.0744496977428969,0.761722032573951,0.68367536191005,0.803280940203984,Medio,Medio
Medellin,Versalles No.1,6.2646725748932,-75.5439212834106,10,0.170501783645799,0.217405868291603,0.242209453908947,2.40165776399732,Alto,Medio
Medellin,Altos del Poblado,6.21175639662359,-75.5521294048453,11,0.815054136205511,0.710940195777041,0.860104541484162,1.04910521501608,Alto,Alto
Medellin,Universidad Nacional,6.26253035699079,-75.5761719676812,12,0.431523649217237,0.621399965636463,0.89680867484796,0.950875541090904,Bajo,Alto
Medellin,El Diamante,6.28537616972277,-75.5868492548312,13,0.0382620208984885,0.0467494357080742,0.33001217628858,1.85221132028689,Medio,Bajo
Medellin,Palenque,6.27909651215605,-75.5946533829097,14,0.400147614089834,0.12621241478422,0.698983081746584,1.04512318676478,Medio,Medio
Medellin,Barrio Colombia,6.22733035391215,-75.5727583326279,15,0.273052439272093,0.240246552010485,0.18883240834859,0.302162457421151,Medio,Medio
Medellin,Rosales,6.23530424712622,-75.5907511555453,16,0.0769426407126922,0.107749853241118,0.464747991915187,0.737941064663057,Medio,Medio
Medellin,Urquita,6.36696650517587,-75.6903725412511,17,11.6156806641403,0.976653297667488,11.5790970881009,11.6012744805593,Alto,Medio
Medellin,Potrera Miserenga,6.35744446702319,-75.6890727847805,18,10.6336447321054,1.21584744020823,10.6036251896678,10.6287927578005,Alto,Medio
Medellin,Campo Amor,6.21291026959268,-75.5825979388229,19,0.504042849650894,0.260891769801151,0.760928711925143,0.668948667553547,Bajo,Medio
Medellin,La Aguacatala,6.19865768495546,-75.57752178608,20,0.26862166555548,0.062879223502814,0.238432269779418,0.271709383242448,Medio,Alto
Medellin,El Pinal,6.24444819343323,-75.5455394346308,21,0.460232288154856,0.148205504349338,0.57679076847085,0.682600607631192,Medio,Alto
Medellin,Fuente Clara,6.27747676263638,-75.6051057346409,22,0.68624370464373,0.221150773026906,0.399674174063459,1.42438889287951,Medio,Bajo
Medellin,Santo Domingo Savio No.2,6.29927714022067,-75.5397673558494,23,0.203237812675169,0.115972339712139,0.581706655253668,3.66107952716719,Medio,Medio
Medellin,Las Granjas,6.27890341162729,-75.5481971401013,24,0.544987919290708,0.22989675706727,0.223223984124256,2.21343808840341,Alto,Medio
Medellin,Barrios de Jesús,6.22990841200524,-75.5367796333626,25,0.380817552047788,0.229012831812335,0.991438106320741,1.58354278998424,Alto,Medio
Medellin,La Alpujarra,6.2438788816394,-75.5772771616502,26,0.0923401503731747,0.415878262924952,0.46504394815079,0.635383895928401,Bajo,Medio
Medellin,Corazón de Jesús,6.24998146501574,-75.5771473836756,27,0.267424569822373,0.468639346103111,0.496313875181469,0.627109129667122,Medio,Alto
Medellin,Buenos Aires,6.24065384627757,-75.5559675242452,28,0.162206787856289,0.196221197792268,0.156095801427396,0.928079061331315,Medio,Alto
Medellin,Toscana,6.30739491414231,-75.5585415610009,29,0.407896857216067,0.0863354568602842,0.728233011532162,2.0931348839954,Medio,Bajo
Medellin,Los Pinos,6.25215529880997,-75.5988837727538,30,0.22077147919911,0.198270346761503,0.0733403876675107,0.42665194233572,Medio,Medio
Medellin,Gerona,6.23833692788978,-75.5588328224963,31,0.242126172231937,0.134659342437096,0.208788754361094,1.19901898734123,Alto,Medio
Medellin,Santa Teresita,6.2435592821461,-75.6117885486387,32,0.25632839180268,0.114962727079846,0.77488302589863,0.991745227553245,Alto,Medio
Medellin,Francisco Antonio Zea,6.2859075341977,-75.5735311891635,33,0.0902811948403586,0.186571198100223,0.126207461007351,1.58560845044892,Bajo,Medio
Medellin,La Mota,6.21100771035567,-75.5986503842846,34,0.298553936054781,0.271984510955127,0.460823508219194,0.456403475534542,Medio,Medio
Medellin,La Hondonada,6.20342527907802,-75.6030796614582,35,0.296899370584979,0.241998316294947,1.43310080418795,0.174444072509441,Medio,Medio
Medellin,LLanaditas,6.25288792307789,-75.5398153396204,36,0.111419813471055,0.233114748572548,0.459254402637827,1.813212920588,Medio,Alto
Medellin,Nuevos Conquistadores,6.25044079088638,-75.6282051786093,37,0.38483248900508,0.208944741073936,0.97740901662576,2.03853456646421,Medio,Alto
Medellin,La América,6.25164151972499,-75.6045364434145,38,0.183993957926191,0.0160427525473504,0.219883389024299,0.199272119147017,Alto,Bajo
Medellin,Loreto,6.23075518576985,-75.5575977543651,39,0.515889641008133,0.245493652126873,0.324876959056739,1.37879481614309,Alto,Medio
Medellin,Picachito,6.30018748630344,-75.5853944381453,40,0.253141719824875,0.0592636510401572,0.328714687517944,3.28102442448518,Bajo,Medio
Medellin,Miranda,6.27510253057925,-75.5626364907533,41,0.105684797958292,0.202389090104894,0.400000644380571,0.784157150841468,Medio,Medio
Medellin,U.D. Atanasio Girardot,6.25648254185323,-75.5901163664067,42,0.0999219303366208,0.375617612353741,0.0849456829303621,0.477324065076286,Medio,Medio
Medellin,Patio Bonito,6.20639641830611,-75.5755627512994,43,0.0152494734684283,0.236357799463636,0.268933168528034,0.578192002780109,Medio,Alto
Medellin,Manrique Oriental,6.26417431742513,-75.5493459010017,44,0.315184493100071,0.226587447771089,0.502507565831065,1.82529470728746,Medio,Alto
Medellin,La Esperanza No.2,6.29119302881903,-75.5417087487024,45,0.0998689692120804,0.151880403083403,0.365875476404931,3.6371945432813,Alto,Bajo
Medellin,Pedregal,6.30089294746438,-75.5732540590264,46,0.137404712536319,0.166367594063828,0.596515480763394,3.24479901482217,Alto,Medio
Medellin,Prado,6.2596878786748,-75.5616548813146,47,0.398284082534799,0.241029406810784,0.043910414272042,0.557521156530423,Bajo,Medio
Medellin,El Diamante No.2,6.18423513718353,-75.5745100784458,48,0.202007079170604,0.436296933659147,0.609719942632787,0.479064465841685,Medio,Medio
Medellin,Nueva Villa del Aburrá,6.23563470039323,-75.6039132506368,49,0.16133105108544,0.396074106519396,0.276343985255154,0.317131728050432,Medio,Medio
Medellin,Villa del Socorro,6.29467209819257,-75.5529340442874,50,0.0824502758841804,0.118103239945102,0.0402847270647256,3.22482671949228,Medio,Medio
Medellin,Trece de Noviembre,6.24662211928052,-75.5410164854697,51,0.13465443674019,0.188599848099979,0.367311271770505,1.15967868637622,Medio,Medio
Medellin,Doce de Octubre No.1,6.30699845375348,-75.5792214871706,52,0.0707922609253866,0.215627151033658,0.527838074614386,3.13759684997987,Alto,Alto
Medellin,La Loma de Los Bernal,6.21847417825725,-75.6034262526667,53,0.121358409682633,0.360802845520824,0.856595594805368,0.784552161997711,Alto,Alto
Medellin,Juan Pablo II,6.22957583885694,-75.5296109941745,54,1.05194930851652,0.344417365798578,1.14269395723551,2.27714597202671,Bajo,Bajo
Medellin,Villa Flora,6.27961602905248,-75.5908406281942,55,0.428294418295202,0.16996108547471,0.503743810576121,1.19303265597851,Medio,Medio
Medellin,Tenche,6.23124601433584,-75.5803282484451,56,0.461923888694229,0.522601923390684,0.481364329775736,0.743088233962036,Medio,Medio
Medellin,Fátima,6.23554839334765,-75.5850620362205,57,0.0361684082928712,0.225541339634454,0.334111783894095,0.63169739674762,Medio,Medio
Medellin,Oleoducto,6.28436024489747,-75.5691210205147,58,0.312580522576066,0.464968333755533,0.64504702067032,1.61732358547705,Medio,Medio
Medellin,Boyacá,6.30426278529659,-75.5648359734524,59,0.108438446564091,0.287223879707461,0.353805086593538,2.5409422502711,Alto,Alto
Medellin,Aldea Pablo VI,6.2878829183122,-75.541796105997,60,0.236517360229876,0.0352985703635721,0.154289382029093,3.38178294536954,Alto,Alto
Medellin,Villa Hermosa,6.25772754506746,-75.5499524715903,61,0.0733752512319462,0.161634790706568,0.585920704654909,1.59883692857721,Bajo,Bajo
Medellin,Las Lomas No.1,6.21108100986012,-75.562068724153,62,0.586996796085972,0.19535098734026,0.255121214236427,0.359773113007981,Medio,Medio
Medellin,Santa Cruz,6.29321724424721,-75.5588932536099,63,0.0661062739477617,0.282765844857855,0.161280449550601,2.84789254848699,Medio,Medio
Medellin,Betania,6.24391680489201,-75.6199723451431,64,0.36185027050512,0.305075480639866,0.233582317178351,1.57622472273731,Medio,Medio
Medellin,Kennedy,6.28882281368353,-75.5824776607199,65,0.144983096798735,0.129841356350516,0.489910879659074,1.96956811221772,Medio,Medio
Medellin,Santa Fé,6.22240576666977,-75.581146642759,66,0.256484997921638,0.120888789442749,0.689383172692516,0.458595548217583,Alto,Medio
Medellin,Terminal de Transporte,6.27842779636324,-75.5709945576336,67,0.358808463172049,0.458760741113968,0.673492453283085,0.960671424040232,Alto,Medio
Medellin,Facultad de Minas,6.27446113015618,-75.5890280455383,68,0.488144483191032,0.434378419175391,0.173320478967334,0.841174304116128,Bajo,Alto
Medellin,La Rosa,6.29079415860968,-75.5592983229572,69,0.192581352356932,0.0267428467734817,0.277235253928429,2.57382244071387,Medio,Alto
Medellin,El Tesoro,6.20298954230444,-75.5558392072984,70,0.949866219949613,0.0705905180174015,1.04266300208026,0.169303323661832,Medio,Bajo
Medellin,Monteclaro,6.28779045087637,-75.5998832431425,71,0.512010093584443,0.42589187045585,0.797422481230617,2.09235028042961,Medio,Medio
Medellin,La Mansión,6.25921398180761,-75.555764051016,72,0.242040426764912,0.137498604474145,0.409828520447417,1.02789078239717,Medio,Medio
Medellin,La Florida,6.2046807635303,-75.5658363916494,73,0.0933688412561974,0.211227750218927,0.505975943572225,0.474284584951983,Alto,Medio
Medellin,Diego Echavarría,6.21561330694317,-75.5955311248477,74,0.15672961633773,0.288506710613065,0.187650149978951,0.218439504686824,Alto,Medio
Medellin,Los Alcázares,6.26078425894433,-75.6045771123059,75,0.08233473596902,0.268697897131955,0.233492300936464,0.974858339156828,Bajo,Alto
Medellin,Campo Valdés No.1,6.27340880832599,-75.5559851242587,76,0.323873248962865,0.211027283907866,0.54752284503234,1.15479232991354,Medio,Alto
Medellin,Alfonso López,6.28445199262473,-75.5760274477729,77,0.0266850373081103,0.0539278369700833,0.0824773976339067,1.38164002102825,Medio,Bajo
Medellin,Olaya Herrera,6.27315609658,-75.6134775531376,78,0.211118863628959,0.40963758706399,0.879718707611013,2.09948866999524,Medio,Medio
Medellin,Facultad Veterinaria y Zootecnia U.de.A.,6.27202296006009,-75.5875290716891,79,0.282440007622201,0.258938612454237,0.322503303377256,0.861485192915979,Medio,Medio
Medellin,Astorga,6.20997575855027,-75.5734709972709,80,0.10591729887173,0.213920402132732,0.0390844195452924,0.613747625877419,Alto,Medio
Medellin,Caribe,6.27058882868981,-75.5732065909355,81,0.580908641373616,0.429540819505318,0.374495994537067,0.4432468705704,Alto,Medio
Medellin,Aranjuez,6.28072783940972,-75.5608359828992,82,0.456305245922651,0.0549981618846656,0.156124592063817,1.44471188347684,Bajo,Medio
Medellin,Manrique Central No.2,6.26449877304795,-75.5535250862611,83,0.0997769832527319,0.154529013227319,0.299594591856134,1.37040042248419,Medio,Medio
Medellin,San Antonio,6.23802729029786,-75.5363988522169,84,0.385442770378676,0.181188081518155,0.5498411707857,1.27677102618579,Medio,Alto
Medellin,El Rincón,6.21040902108707,-75.6031842340204,85,0.524620811424887,0.100153743267237,0.916889976006264,0.820981672357613,Medio,Alto
Medellin,Sin Nombre,6.25283774334512,-75.6128844593507,86,0.227286554013341,0.27449294283784,0.705879083032525,0.326286567883145,Medio,Bajo
Medellin,Calasanz,6.26261309703897,-75.5986585656268,87,0.281668141776327,0.137000706448132,0.241460087905251,0.902513603555131,Alto,Medio
Medellin,Bermejal-Los Alamos,6.2808554922682,-75.5646676941627,88,0.381787796353659,0.161975617565956,0.385154137532452,1.37829040204513,Alto,Medio
Medellin,Jesús Nazareno,6.25991712651943,-75.5674070939626,89,0.234461934193723,0.201663263210047,0.26483195531306,0.395822617713609,Bajo,Medio
Medellin,Ocho de Marzo,6.22825941268585,-75.5296576156722,90,1.10765282405825,0.39305227380599,1.28808526621073,2.3431992755068,Medio,Medio
Medellin,Belencito,6.24838824634173,-75.6173566472083,91,0.170836598696881,0.284005694065359,0.376141617598951,1.02018887515483,Medio,Alto
Medellin,Cerro Nutibara,6.23853834527632,-75.579927489773,92,0.269325802321481,0.377087875103208,0.135798084089142,0.838867976268245,Medio,Alto
Medellin,Simón Bolívar,6.24592991323397,-75.6051551905943,93,0.252735460802205,0.260443882431903,0.302061273826544,0.373286153605275,Medio,Bajo
Medellin,Cucaracho,6.28097179033107,-75.6024643444775,94,0.370167989232915,0.20315139121556,0.198758202794839,1.50932645579509,Alto,Medio
Medellin,Universidad de Antioquia,6.26750604497247,-75.5692269943306,95,0.18014974702447,0.454144905248933,0.108582912096895,0.470068316431042,Alto,Medio
Medellin,San Javier No.2,6.258021576165,-75.6142308371035,96,0.194645022859753,0.0885778030898731,0.794742404392273,0.61488602957013,Bajo,Medio
Medellin,Brasilia,6.27421269237096,-75.5595253059812,97,0.0309216045522501,0.177806631558425,0.536700542787505,0.889740825554416,Medio,Medio
Medellin,Bolivariana,6.24639489955019,-75.5906758323695,98,0.318528506924205,0.180833371365779,0.401196437613288,0.740861417571886,Medio,Medio
Medellin,Berlin,6.28573972302536,-75.5555523368532,99,0.111241110387815,0.0530857330924575,0.358505397573115,2.20039248552836,Medio,Medio
Medellin,El Velódromo,6.25427500545773,-75.5955283656838,100,0.098945006806393,0.151008360938713,0.283703030644115,0.868957828650658,Medio,Alto
Medellin,Santa Mónica,6.24810052650774,-75.6133661934547,101,0.186491330753191,0.0956982744888403,0.747961374686221,0.762503210322445,Alto,Alto
Medellin,Belén,6.23251318174987,-75.5991676332953,102,0.188025439315772,0.0106567036055909,0.208606843835523,0.527153320184217,Alto,Bajo
Medellin,El Pomar,6.26824906090372,-75.5523729328103,103,0.135363017533661,0.045748152355288,0.672040229498987,1.42151419729327,Bajo,Medio
Medellin,Oriente,6.27574481306734,-75.5400378823468,104,0.636959091960267,0.143067795887586,0.743874103403412,2.9078572953261,Medio,Medio
Medellin,La Isla,6.30338873362577,-75.5494234989332,105,0.119530698311303,0.11347774053151,0.391736760081866,2.73892568905433,Medio,Medio
Medellin,La Sierra,6.23362240784138,-75.5278621213891,106,0.722680109251635,0.345014017979077,0.665018037159804,2.29844300705933,Medio,Medio
Medellin,María Cano-Carambolas,6.2823410678174,-75.5398116398151,107,0.733043797285721,0.255537273711753,0.504860999118429,3.21434043706157,Medio,Alto
Medellin,La Pilarica,6.27632998637853,-75.5855621495821,108,0.272048007052423,0.158143738869245,0.271698896098386,1.07538089873385,Alto,Alto
Medellin,El Corazón,6.24705482434434,-75.6270162599806,109,0.360885689206563,0.288605325656749,0.817171432034485,2.02643902712883,Alto,Bajo
Medellin,Calle Nueva,6.24130004310251,-75.5728529476439,110,0.230408548308826,0.377718623150499,0.405250587679918,0.30236475585368,Bajo,Medio
Medellin,La Frontera,6.30512846116194,-75.5549922648364,111,0.0929821055920521,0.133806535147231,0.260677387565104,2.3808651440688,Medio,Medio
Medellin,Tejelo,6.30585065015797,-75.5687535748893,112,0.169975229962314,0.0972216885560404,0.296604904330335,2.53289341952226,Medio,Medio
Medellin,Lorena,6.24817594378716,-75.5985520991443,113,0.390116594973282,0.111844831799927,0.271441006173685,0.39771106912405,Medio,Medio
Medellin,La Francia,6.30040021896693,-75.5533012899106,114,0.0832170018662415,0.0121493403338966,0.41981898598815,2.93611052380014,Medio,Medio
Medellin,Plaza de Ferias,6.29978259355994,-75.5625036060381,115,0.431164252506489,0.26082768214908,0.747636061010226,2.97774735326321,Alto,Medio
Medellin,Miraflores,6.23711472687131,-75.5500454123321,116,0.352183237220042,0.0808890295072764,0.662082906181893,0.30939417483216,Alto,Alto
Medellin,Los Ángeles,6.25251764344115,-75.5582023273749,117,0.236533417509745,0.12192317259332,0.240136929222385,0.725093731043084,Bajo,Alto
Medellin,Alejandría,6.19980360449238,-75.5688470393484,118,0.273962151484687,0.310771082385466,0.740008561474195,0.3686105588703,Medio,Bajo
Medellin,Metropolitano,6.26377226701965,-75.6087765211773,119,0.196771667251644,0.25717512031753,0.513261051608287,1.08712813850323,Medio,Medio
Medellin,Cuarta Brigada,6.26138744438839,-75.5879560588521,120,0.147729614909073,0.269979172138488,0.273209535233665,0.167220332400874,Medio,Medio
Medellin,Las Acacias,6.2412264530187,-75.6009112218829,121,0.0920551048342677,0.252855818774179,0.285588357038355,0.452072044926404,Medio,Medio
Medellin,Los Naranjos,6.19605051570981,-75.5591169690053,122,0.310712809596846,0.512122038956031,0.313915186848551,0.125195626264417,Alto,Medio
Medellin,Aures No.1,6.28746570467907,-75.5945659054764,123,0.0528640973607991,0.149840004076575,0.297173431718834,1.9823703807242,Alto,Alto
Medellin,Cataluña,6.23125450271688,-75.5513924933383,124,0.321099496793668,0.122393359637376,0.543823832588912,0.932697917541404,Bajo,Alto
Medellin,Sin Nombre,6.2228044174726,-75.6014324991286,125,0.0611549287688265,0.0811052218907838,0.348603611283287,0.993746921411774,Medio,Bajo
Medellin,Carpinelo,6.28889283632672,-75.5386193523746,126,0.0384084432459361,0.167848947769785,0.388709088334628,3.72850255254603,Medio,Medio
Medellin,Andalucía,6.29802957442452,-75.5549656650816,127,0.123869854947482,0.139341442946317,0.257874968809533,3.16779106164448,Medio,Medio
Medellin,La Castellana,6.24044849978854,-75.6080286543265,128,0.15218875617954,0.255437428144488,0.310159564719146,0.457320612972115,Medio,Medio
Medellin,Moravia,6.27858155293974,-75.5667839002639,129,0.115870684881092,0.07726034409354,0.434365649689771,1.13746825169332,Alto,Medio
Medellin,San Benito,6.25430719018864,-75.5732538838162,130,0.223672083840473,0.099139549394197,0.150167800658858,0.478014725187041,Alto,Medio
Medellin,Carlos E. Restrepo,6.25783770242954,-75.5801493394183,131,0.0614482734119962,0.189424003166658,0.328532819565194,0.263712345220623,Bajo,Medio
Medellin,Robledo,6.2757766380693,-75.5977063796289,132,0.173208453401511,0.0918965955580872,0.616506926293558,0.740556314835747,Medio,Alto
Medellin,Juan XXIII La Quiebra,6.26587578599638,-75.6141408791143,133,0.196062643683528,0.374023958844952,1.15098167737905,1.37827852522846,Medio,Alto
Medellin,Veinte de Julio,6.25222946625702,-75.6209932430149,134,0.149258755077932,0.162211626598147,0.243506439648485,1.2120773342536,Medio,Bajo
Medellin,Altamira,6.27978930733087,-75.5813536794474,135,0.261184122145563,0.163942357891864,0.188946086325031,0.991220556902065,Medio,Medio
Medellin,Hospital San Vicente de Paúl,6.26288644003739,-75.5651809224,136,0.0331249854685014,0.194342445152179,0.0111351423396058,0.226154358006979,Alto,Medio
Medellin,Las Lomas No.2,6.210751304445,-75.5573110362392,137,0.59818337070036,0.232828436596668,0.30141783560487,0.554139785218418,Alto,Medio
Medellin,Tricentenario,6.29134125792409,-75.5663538047353,138,0.150790702866158,0.112192922340339,0.424671363136606,2.44797661930108,Bajo,Medio
Medellin,Villa Niza,6.29622221511712,-75.5576579761685,139,0.183844158881471,0.158131689694805,0.340184623780901,3.20822933197365,Medio,Alto
Medellin,Laureles,6.24325539788829,-75.5955700569553,140,0.187799563477184,0.235955996648543,0.112578135265111,0.600402979986094,Medio,Alto
Medellin,Santa Rosa de Lima,6.26498855000266,-75.6063804077254,141,0.127400668287923,0.193675658284587,0.336542475227968,1.28593991295004,Medio,Bajo
Medellin,Santa Lucía,6.2577137395043,-75.6071510043485,142,0.119601727454925,0.0601332281013513,0.658602476780527,0.527363598619406,Medio,Medio
Medellin,La Floresta,6.25631374230622,-75.6015749036121,143,0.0580954410794162,0.0861954915233204,0.452627514505206,0.629853067047339,Alto,Medio
Medellin,Las Mercedes,6.23594503493003,-75.6100381701465,144,0.312120370402652,0.031238419760802,0.507631751261379,0.719779850614337,Alto,Medio
Medellin,Boston,6.2477274163933,-75.5587665769041,145,0.052599208391686,0.150921555019976,0.244025140058137,0.889066839903181,Bajo,Medio
Medellin,Nueva Villa de La Iguaná,6.26036586874966,-75.5817785279845,146,0.247578603124579,0.126387166008974,0.499907091508114,0.483326075243801,Medio,Medio
Medellin,Alejandro Echavarría,6.23787960044173,-75.5456080237286,147,0.500379179302665,0.209340347491714,0.479758740984991,0.269142336870252,Medio,Medio
Medellin,Picacho,6.29640995183675,-75.5842262774957,148,0.0605992248267229,0.0240631570130678,0.155088067661785,2.83842918237251,Medio,Alto
Medellin,Moscú No.2,6.28993989754033,-75.5492729783482,149,0.0888956961670335,0.12666481442939,0.65558135210378,2.97554737618376,Medio,Alto
Medellin,Santo Domingo Savio No.1,6.29696349050336,-75.5439158364754,150,0.0299310203790709,0.309383039191481,0.176536009565845,3.64755769024026,Alto,Bajo
Medellin,El Danubio,6.25320980815052,-75.6083494762459,151,0.175680063822932,0.0310025028270656,0.25195687081121,0.241191208271163,Alto,Medio
Medellin,La Avanzada,6.29451364450239,-75.5383310291075,152,0.0813157665741235,0.099154142041584,0.134893496191264,4.16602732773515,Bajo,Medio
Medellin,Perpetuo Socorro,6.2343193581794,-75.5730811769898,153,0.245626393206455,0.442408833167149,0.0469104286514357,0.278467936704015,Medio,Medio
Medellin,San Lucas,6.18135253123366,-75.564949038982,154,0.716115410814543,0.160291260574781,0.123273192712262,0.426631362355392,Medio,Medio
Medellin,Media Luna,6.23505005543783,-75.5158282154673,155,1.6981109079347,0.423566440259809,1.38489809404173,3.58839648329162,Medio,Alto
Medellin,Barro Blanco,6.24183520124539,-75.4809741416563,156,3.61228367929646,1.08827295681404,5.17649928890869,7.45145838573097,Medio,Alto
Medellin,Piedra Gorda,6.23644832541772,-75.4957830907941,157,2.93465428621359,1.39123903536981,3.53864319182047,5.80114505492479,Alto,Bajo
Medellin,San Pablo,6.23491346061426,-75.6289844291469,158,1.4313383172124,0.181330689662252,1.41890527305149,2.78715033394781,Alto,Medio
Medellin,Calasanz Parte Alta,6.26622917255929,-75.6018622623059,159,0.0921143951273613,0.0989666586129864,0.463575084561206,0.86771797267693,Bajo,Medio
Medellin,Aguas Frias,6.23241762547422,-75.648480708896,160,2.65404279899522,0.510484709316958,3.50220873324996,4.90102079559659,Medio,Medio
Medellin,Playón de Los Comuneros,6.30682668056854,-75.5527919411315,161,0.221273926961583,0.121474446527649,0.295154753803112,2.25123142395608,Medio,Medio
Medellin,El Chagualo,6.26155781088852,-75.5709510945706,162,0.290778226197276,0.133607897568752,0.62176055438162,0.506519759768165,Medio,Medio
Medellin,Cristo Rey,6.20619373800858,-75.5847384337194,163,0.226180872501805,0.215352356825102,0.896063485126359,0.342417208357667,Medio,Medio
Medellin,Los Conquistadores,6.24245936295182,-75.58268543197,164,0.0197178402237539,0.229001910585808,0.203354423499126,0.525866831929955,Alto,Alto
Medellin,Asomadera No.3,6.21916355028846,-75.5586595367263,165,0.277988427963491,0.322856257522109,0.849378081001241,0.721296080825879,Alto,Alto
Medellin,La Gloria,6.22310057657294,-75.6033356068494,166,0.0902427295369281,0.179427193814352,0.520632556993294,1.08823293119727,Bajo,Bajo
Medellin,El Pesebre,6.27268308488926,-75.5991064447843,167,0.115605577810581,0.424978860908255,0.657057953431961,0.568252783198172,Medio,Medio
Medellin,Lalinde,6.21290962331696,-75.5669687466143,168,0.363317939534498,0.105362427935091,0.0478081828915564,0.569452550555587,Medio,Medio
Medellin,Manrique Central No.1,6.26597437769914,-75.557149918761,169,0.287480853615702,0.0249478687028028,0.299245859217296,0.93517892446896,Medio,Medio
Medellin,Las Independencias,6.24929190259895,-75.6237699494819,170,0.422627999484567,0.302851326096921,0.578551637359702,1.59803059041983,Medio,Medio
Medellin,Parque Juan Pablo II,6.2191935407425,-75.5899774358732,171,0.422520645229234,0.384511212023929,0.796304657885024,0.706133414048986,Alto,Alto
Medellin,Moscú No.1,6.29156864274083,-75.5537251856888,172,0.142607051800259,0.0912945996063544,0.381063648237878,2.87327622310451,Alto,Alto
Medellin,Bosques de San Pablo,6.27736615987662,-75.5828447830196,173,0.172642239505012,0.33500267052454,0.0582338233866951,0.88584921859753,Bajo,Bajo
Medellin,Los Mangos,6.25065647606416,-75.544837347537,174,0.258140496573003,0.152052917999571,0.175630951817683,1.36935725108067,Medio,Medio
Medellin,Los Cerros El Vergel,6.23378885606441,-75.5442398122005,175,0.121960384596537,0.136311576247758,0.530688134911919,0.689588771373498,Medio,Medio
Medellin,Miravalle,6.23557412114328,-75.600271844704,176,0.269896750959558,0.199954431024548,0.289293035999466,0.508831647573908,Medio,Medio
Medellin,El Rodeo,6.20577673366242,-75.5938466694669,177,0.335806438496163,0.659329656919927,0.930162198910425,0.415133081393259,Medio,Medio
Medellin,La Milagrosa,6.23572851231028,-75.5548555767352,178,0.0427358987199465,0.0706640580873984,0.314793502179492,0.853094998615133,Alto,Medio
Medellin,El Castillo,6.19043904221979,-75.5723506969495,179,0.608409834023516,0.119509462234071,0.601591760642723,0.579004041833869,Alto,Medio
Medellin,San José La Cima No.1,6.28373152739253,-75.5425750995093,180,0.472737107898622,0.184108685825589,0.354838227675569,3.03265136176765,Bajo,Alto
Medellin,El Raizal,6.26919740463061,-75.5455186700657,181,0.0730660581005151,0.210253224265007,0.295464498222811,2.18528484348714,Medio,Alto
Medellin,Villa Guadalupe,6.2873982330439,-75.5516949033324,182,0.126596971606355,0.152311142465101,0.816158671591667,2.5868814718365,Medio,Bajo
Medellin,El Poblado,6.20923634036095,-75.5678956256515,183,0.0414054968260765,0.103540633855307,0.402054934022583,0.530979479773939,Medio,Medio
Medellin,Trinidad,6.2276360211003,-75.5833604462962,184,0.420684418956359,0.174022859445926,0.571951803827327,0.951711296867461,Medio,Medio
Medellin,La Palma,6.2290209853297,-75.602359266612,185,0.22526055105095,0.0523082834992695,0.449053324048962,0.456657958452941,Alto,Medio
Medellin,Naranjal,6.25079176566467,-75.5841310553107,186,0.0826139594043391,0.44822352925955,0.307766377102978,0.648499488685996,Alto,Medio
Medellin,Doce de Octubre No.2,6.30056688074497,-75.5791223471606,187,0.0533076238132048,0.254587981803933,0.215590977792263,3.19311256445851,Bajo,Alto
Medellin,Granizal,6.29259961777083,-75.5464524221036,188,0.0103142632574817,0.0984105324336805,0.473845859374755,3.40248659990618,Medio,Alto
Medellin,San Bernardo,6.22607578075601,-75.5955800324506,189,0.109948692478297,0.130879362909719,0.404383266018516,1.19333408916588,Medio,Bajo
Medellin,El Salvador,6.23705339089558,-75.5618997857685,190,0.129488724686458,0.0960423521528796,0.169096013759244,0.831451074429608,Medio,Medio
Medellin,Sevilla,6.26649046345734,-75.5647219069969,191,0.22472033620158,0.153154786063554,0.0551751760947912,0.236057827668868,Medio,Medio
Medellin,Santa Inés,6.27294581812139,-75.547246136053,192,0.2313985459473,0.222245115463837,0.75551809447715,2.05154855080065,Alto,Medio
Medellin,El Progreso,6.27431560587465,-75.5767590320329,193,0.430852717757269,0.210729368484973,0.424627033530386,0.243581253990184,Alto,Medio
Medellin,Castropol,6.21941112528884,-75.5673374497571,194,0.402341494875178,0.303834298890581,0.657631450217928,0.336733755569377,Bajo,Medio
Medellin,Belalcázar,6.29585417038115,-75.5643429094283,195,0.16879655343144,0.240945589877435,0.519082446989949,2.99925069051782,Medio,Medio
Medellin,Guayaquil,6.24758779632734,-75.5724238429787,196,0.173160981320503,0.30178658966574,0.427982978805154,0.0550898753292449,Medio,Alto
Medellin,El Placer,6.22279624254924,-75.4964363485589,197,1.40469760379023,0.691811063551335,3.92585958413095,5.99646621596188,Medio,Alto
Medellin,Altavista Sectro Central,6.22243670160457,-75.6263314682295,198,1.80145310657461,0.151744255816896,2.38461519838842,2.75426901343349,Medio,Bajo
Medellin,El Salado,6.21132035034408,-75.6658146537796,199,2.88687586233385,0.583420399538555,4.43145002476777,6.13627311805959,Alto,Medio
Medellin,Las Palmas,6.20242259506675,-75.5411779732488,200,1.67315558114865,0.359404351458744,2.04909295448506,1.72084394931108,Alto,Medio
Medellin,Buga Patio Bonito,6.21673591911735,-75.6437080055941,201,3.77278359271388,0.451707835933017,3.99892505897989,4.78331540022995,Bajo,Medio
Medellin,La Esperanza,6.21609931339911,-75.6214924685515,202,1.42342809890864,0.815150431615694,2.67908009921152,2.66334264092499,Medio,Medio
Medellin,Santa Elena Sector Central,6.20948615118083,-75.4984067577607,203,0.0611779218851983,0.232149166002586,4.66470893745065,6.4076808440406,Medio,Alto
Medellin,El Plan,6.20384814995168,-75.5210324310499,204,2.63927103887331,0.503930667102089,4.05997321467794,3.96884092834955,Medio,Alto
Medellin,El Jardín,6.20350918855713,-75.6247661206038,205,1.87860097188933,1.22745278898986,3.43429368018271,2.57725209531993,Medio,Bajo
Medellin,El LLano SE,6.19749994940429,-75.5011137597904,206,1.39806297851838,1.29096206438202,5.54441420916339,5.83946879839945,Alto,Medio
Medellin,La Verde,6.19602395087675,-75.6437023380681,207,1.87217304106196,1.16036675011147,2.00251476650225,3.2690940287593,Alto,Medio
Medellin,El Cerro,6.19751160545149,-75.4898909648075,208,1.60379780658892,0.480738822800608,6.29329358363765,6.64977353715335,Bajo,Medio
Medellin,Montañita,6.19468830349225,-75.6732587286629,209,1.74185753291303,0.626114758105997,3.73637962795314,5.15029226361817,Medio,Medio
Medellin,San Antonio de Prado,6.18054937397639,-75.6474127435221,210,0.714254568811635,0.310429768039825,0.45574107666021,2.37249331506475,Medio,Medio
Medellin,La Florida,6.17144979629968,-75.6677434334194,211,1.63385940154733,1.00428643945587,2.73558327603083,3.02966960769815,Medio,Medio
Medellin,San José,6.16979712595842,-75.6533760088938,212,0.220818416915304,0.822029859156004,1.39195961039952,1.59838903936986,Medio,Alto
Medellin,Palmitas Sector Central,6.34453716902564,-75.6702444114779,213,8.33527675597866,2.03458444797092,8.28677799996039,8.30377870186884,Alto,Alto
Medellin,Boquerón,6.31783700988054,-75.6544437841831,214,4.88095992682771,0.442928848496899,4.82549915458778,4.83994507187059,Alto,Bajo
Medellin,El Carmelo,6.30476315360727,-75.6004059212762,215,1.15656759292798,0.65378416125057,2.02719133130173,3.96634424030812,Bajo,Medio
Medellin,Área de Expansión El Noral,6.23799784001634,-75.6168266523479,216,0.649672509034058,0.280389491383626,0.523116299184873,1.40216543127672,Medio,Medio
Medellin,Las Violetas,6.23215452855738,-75.6139602552145,217,0.484813672332852,0.287891731284563,1.02891067130774,1.12290099226516,Medio,Medio
Medellin,Santa María de Los Ángeles,6.19045082167243,-75.5797525070467,218,0.0997339875373611,0.188663630415672,0.227838267830592,0.265631516696291,Medio,Medio
Medellin,La Pradera,6.26085721729507,-75.6109023792443,219,0.180610394360461,0.107060293814758,0.772107166847979,0.750827174985539,Medio,Alto
Medellin,San Diego,6.23283932361291,-75.5677619176216,220,0.325340187722931,0.364629743189517,0.310191731619012,0.30797851076178,Alto,Alto
Medellin,El Salado,6.25495072717799,-75.6271746559907,221,0.603360298661059,0.0357813222364753,0.765312631303562,1.88230127126856,Alto,Bajo
Medellin,Bello Horizonte,6.2826062248705,-75.5894662112546,222,0.114646858260197,0.0876407432492406,0.486992314152422,1.5610106911089,Bajo,Medio
Medellin,Villa Nueva,6.2534677447602,-75.5636757784795,223,0.120255548194447,0.220821012561302,0.108598569385499,0.206854012363135,Medio,Medio
Medellin,Batallón Cuarta Brigada,6.26321067436905,-75.5920399694696,224,0.0577050039669228,0.172785573762576,0.116006034259267,0.375493347134176,Medio,Medio
Medellin,Los Balsos No.1,6.18858524981283,-75.5608143670567,225,0.401133321138667,0.358767322673564,0.696584166767709,0.305713972300354,Medio,Medio
Medellin,Villa Carlota,6.21994464917243,-75.5735504033945,226,0.243654163233309,0.691728587504628,0.312972356921822,0.472450604146908,Medio,Medio
Medellin,El Compromiso,6.28784193621476,-75.5435216212076,227,0.170392904413868,0.181381995856891,0.287405961789334,3.23345746346845,Alto,Medio
Medellin,Pajarito,6.28387432776237,-75.6054955835485,228,0.30774087501751,0.12479781370949,0.647260067942839,1.96963760530775,Alto,Alto
Medellin,La Libertad,6.24093835098729,-75.5424624293872,229,0.208500213849635,0.212044304928874,0.34155886761022,0.645005653272624,Bajo,Alto
Medellin,San Martín de Porres,6.29453825213361,-75.5804276879556,230,0.202881557698532,0.244642274812024,0.405732298940261,2.53916525648788,Medio,Bajo
Medellin,Las Brisas,6.3084769053297,-75.5616779982975,231,0.120597514236525,0.228133801209405,0.436558429585626,2.00171216473166,Medio,Medio
Medellin,Villa Lilliam,6.23558857825099,-75.5330704161654,232,0.536132349471197,0.111296945419187,0.769502636854102,1.68319961133025,Medio,Medio
Medellin,Santander,6.30706369915498,-75.5746944084297,233,0.0843861875338017,0.158809473895362,0.13453364078978,2.7842953885521,Medio,Medio
Medellin,Las Playas,6.22061813125341,-75.5955499321098,234,0.225005570044422,0.115215105214351,0.591839077383779,0.670513551763683,Alto,Medio
Medellin,San Pablo,6.28754432087954,-75.5459190283019,235,0.0997411440024125,0.0665687076683164,0.529635269421252,3.01648306100336,Alto,Alto
Medellin,Las Esmeraldas,6.27893097796007,-75.5546930454588,236,0.16190009811605,0.253319985276767,0.733531169123876,1.6437295734962,Bajo,Alto
Medellin,San Miguel,6.25516001656762,-75.5559651224694,237,0.448742325880584,0.134803442092055,0.0819059055939584,0.905648784239163,Medio,Bajo
Medellin,Barrio Caycedo,6.2428718917723,-75.5542114057429,238,0.104770452918916,0.24850871216105,0.136318771037906,0.843083069016405,Medio,Medio
Medellin,B. Cerro El Volador,6.27215163621783,-75.5808611130137,239,0.389124472286536,0.28987743984499,0.511076432060313,0.444468329918099,Medio,Medio
Medellin,Santa Margarita,6.27587044871992,-75.6153832428822,240,0.105933083444597,0.0835052981022134,0.62784154461335,2.23959971886049,Medio,Medio
Medellin,Suramericana,6.25466899438436,-75.5829172281781,241,0.195806821430047,0.117829851235968,0.156534052079824,0.206252881745331,Alto,Medio
Medellin,San Pedro,6.26696077574106,-75.5607002663321,242,0.245907489123734,0.394711266259653,0.297865624247729,0.52545025453412,Alto,Medio
Medellin,Villa Turbay,6.23717256909178,-75.5300713309711,243,0.270414521398111,0.177912655355855,0.397214653002825,1.98658534195087,Bajo,Medio
Medellin,Eduardo Santos,6.25925267792819,-75.6283806027088,244,0.993005513013739,0.109515271646028,1.05375026396393,2.09310504611302,Medio,Alto
Medellin,Asomadera No.1,6.22899098594197,-75.5632066305226,245,0.13215938351665,0.39531627753278,0.597379238861725,0.806390560917011,Medio,Alto
Medellin,Bomboná No.2,6.22875029326967,-75.5448963893511,246,0.11136119146866,0.31122484806865,1.06095677952248,1.17204140523228,Medio,Bajo
Medellin,Popular,6.30027843324074,-75.5468907289066,247,0.152424977070636,0.19556509298751,0.411781446417078,3.1699688921767,Medio,Medio
Medellin,La Cruz,6.27033251523165,-75.5381234875926,248,0.10448244943453,0.0957284769370622,0.154142724530173,3.01390115253117,Alto,Medio
Medellin,San Germán,6.26895027187916,-75.5884567565819,249,0.152099700318813,0.0785794611649104,0.641584783551119,0.726180721939152,Alto,Medio
Medellin,Progreso No.2,6.30669801979034,-75.5830428358986,250,0.329151925537881,0.202338971094511,0.709142378495044,3.48203365065164,Bajo,Medio
Medellin,Las Palmas,6.23967345766672,-75.565387988688,251,0.160643748040966,0.240556455300283,0.560998217909334,0.650008521936574,Medio,Alto
Medellin,Barrio Cristóbal,6.24780403069711,-75.6089588309812,252,0.472343696458395,0.111683191165178,0.472956593889044,0.729179518886448,Medio,Alto
Medellin,Girardot,6.29756111663384,-75.569003363713,253,0.00766003353984996,0.0498334465455557,0.337673898633543,2.97820845828163,Medio,Bajo
Medellin,Los Balsos No.2,6.19555080834352,-75.570414954673,254,0.550116121830438,0.332955967723267,0.796775421955179,0.398134970763071,Medio,Medio
Medellin,Los Colores,6.26609549304615,-75.5924743197408,255,0.0148214379912332,0.154214109059366,0.351669713616073,0.493743843751647,Alto,Medio
Medellin,Palermo,6.28713498036024,-75.5642225653565,256,0.153825929624698,0.086232245347588,0.43451475268796,2.08304580326292,Alto,Medio
Medellin,San Joaquín,6.24639988720638,-75.5855571824712,257,0.152278710378787,0.0685877340168372,0.558273913562722,0.649369033716176,Bajo,Medio
Medellin,La Candelaria,6.24951641085296,-75.5665265484078,258,0.164740710576559,0.0533808106117764,0.168783231935649,0.150377722612679,Medio,Medio
Medellin,Manila,6.21337840699968,-75.5732424583897,259,0.310542894249344,0.0597985008132996,0.270190970784959,0.408008146716001,Medio,Medio
Medellin,Batallón Girardot,6.26022546916362,-75.5465696905655,260,0.396619772890081,0.384740443484141,0.74969760557383,2.02895740814994,Medio,Alto
Medellin,Villatina,6.23702364769412,-75.5395776180957,261,0.373414963323688,0.173866045481825,0.201280599227727,0.941215861531331,Medio,Alto
Medellin,Barrio Colón,6.24265397170971,-75.5686924069288,262,0.147863574917584,0.318534710543259,0.265875405157043,0.340671219151082,Alto,Bajo
Medellin,Jardín Botánico,6.27050628548002,-75.5635888816732,263,0.221820503674156,0.243830525595933,0.439532685769268,0.278237285720382,Alto,Medio
Medellin,San Isidro,6.28688916836487,-75.5606135008417,264,0.303288056558224,0.220233911572487,0.294521777868596,2.11391946790403,Bajo,Medio
Medellin,San José La Cima No.2,6.27842193175495,-75.5432201726866,265,0.898461374117259,0.370198838284712,0.639648616134667,2.6784256880662,Medio,Medio
Medellin,Antonio Nariño,6.25909782869097,-75.6213738472244,266,0.42344642150988,0.38566633914618,0.549498123058588,1.35180919592079,Medio,Medio
Medellin,Ferrini,6.26901853625042,-75.5969288072973,267,0.171980842207654,0.353923343586785,0.287801541068227,0.23802385647472,Medio,Alto
Medellin,La Ilusión,6.30043891353124,-75.6285455275268,268,2.52713461801371,1.127512354068,2.54867564630263,2.5073398919788,Medio,Alto
Medellin,Córdoba,6.28060235343427,-75.5764691917225,269,0.255464411920443,0.0295604132694743,0.37670698889529,0.948377605908366,Alto,Bajo
Medellin,Estación Villa,6.25568689915179,-75.5691234190718,270,0.306038521675542,0.292838653185063,0.450230787418252,0.31249367005939,Alto,Medio
Medellin,Florencia,6.3104062721593,-75.5668653177014,271,0.0721513052775989,0.204926935903395,0.202771259351031,1.98291582641961,Bajo,Medio
Medellin,Cementerio Universal,6.27877569740369,-75.5737549958066,272,0.312397035484434,0.393160698638434,0.66083930472887,0.819646507464027,Medio,Medio
Medellin,Aures No.2,6.29196774356179,-75.590508119601,273,0.167898505257168,0.0917784791702026,0.536681754237173,2.53437936892041,Medio,Medio
Medellin,Blanquizal,6.27488705025356,-75.6056176540208,274,0.662406358784475,0.0701781007407408,0.6343188649378,1.32084499883347,Medio,Medio
Medellin,La Ladera,6.25426776909355,-75.5477655318795,275,0.458654096776323,0.122434155065978,0.478550274669817,1.73231365090468,Medio,Medio
Medellin,Asomadera No.2,6.21979486671516,-75.5623120093552,276,0.567529702119804,0.335219703041796,0.914263841005934,0.383656327150823,Alto,Alto
Medellin,Parque Norte,6.27227793478844,-75.5679887122207,277,0.0441830337999758,0.522537007171193,0.339793329369224,0.52370858630639,Alto,Alto
Medellin,Sucre,6.2452199459061,-75.5517521294986,278,0.143728431139943,0.256023449707279,0.447227479026932,0.840551982018012,Bajo,Bajo
Medellin,La Palma,6.26885815731361,-75.6624301923179,279,3.00714452027037,1.2880609762199,3.10550873944549,3.23499500097231,Medio,Medio
Medellin,El Astillero,6.24792289296663,-75.6774142988042,280,5.25544316618696,1.50632577032307,5.70966085408397,5.84801041536248,Medio,Medio
Medellin,Potrerito,6.18321644901065,-75.6719124925849,281,1.34739995874544,0.482210058930183,3.14665120077702,4.13891132876702,Medio,Medio
Medellin,Área de Expansión Pajarito,6.28439574420809,-75.6134978171457,282,0.603331230345078,0.256774229452742,0.382339625368435,2.49331754285646,Medio,Medio
Medellin,Área de Expansión San Antonio de Prado,6.17758099572142,-75.6550354955415,283,0.130267372803769,0.711765591394759,1.21787371292927,2.39523370576093,Alto,Alto
Medellin,La Loma,6.26503347754732,-75.6331350673888,284,0.66891092386893,0.697625338606699,0.774661959862851,1.58866692394852,Alto,Alto
Medellin,Yarumalito,6.22851214197343,-75.6927660003617,285,5.97138644046201,0.599199834520728,7.81959089864042,8.54694534549843,Bajo,Bajo
Medellin,Mazo,6.25179547195043,-75.5012195189719,286,3.52423510210405,0.106037098764229,3.22299745553729,5.39020245805307,Medio,Medio
Medellin,El Corazón El Morro,6.24803111305564,-75.6470271058151,287,1.87317785082964,1.11792002547354,3.0448295185811,3.7145723490155,Medio,Medio
Medellin,La Salle,6.28366821311872,-75.5485072147175,288,0.108851087949398,0.152252491692824,0.311797438993232,2.50831321062256,Medio,Medio
Medellin,La piñuela,6.28133960226084,-75.5559644100925,289,0.169599250426003,0.0877267965686084,0.517204367602573,1.75848163187432,Medio,Medio
Medellin,Lopez de  Mesa,6.2836436976951,-75.5812360197563,290,0.135261907932481,0.103023903376036,0.0506830321023469,1.37665787501206,Alto,Medio
Medellin,Yolombo,6.30446307984927,-75.6139330559218,291,1.89808358824468,0.577605724668528,2.62896537434421,3.70398685098308,Alto,Medio
Medellin,El Picacho,6.30135959889183,-75.591460274794,292,0.237288219086748,0.463392673870234,0.961555848094103,3.55899949728949,Bajo,Alto
Medellin,La Cuchilla,6.29833392046993,-75.6625173039143,293,3.65217148213883,1.43278956290232,3.6767064804959,3.72496452277575,Medio,Alto
Medellin,El LLano,6.2981511325229,-75.64680996525,294,2.52207967933765,0.434864336261583,2.47527367833391,2.49548317535802,Medio,Bajo
Medellin,La Colina,6.20000156520545,-75.5929828126154,295,0.0707232651484767,0.311387025755488,1.19281405741755,0.832160582102934,Medio,Medio
Medellin,San Javier No.1,6.25583120123802,-75.617310265506,296,0.33691628693889,0.0593852741159157,0.375293978764056,0.803762583827657,Medio,Medio
Medellin,Héctor Abad Gómez,6.29979690020767,-75.5594958374766,297,0.186758761090877,0.154582223512414,0.705486346491882,2.94581181573001,Alto,Medio
Medellin,Castilla,6.2909065151666,-75.5721126129902,298,0.355411605366946,0.0551661387319162,0.518166150559769,2.16699177594692,Alto,Medio
Medellin,Florida Nueva,6.2513926688374,-75.5909441438527,299,0.0483038862790659,0.136648750320055,0.0698262480582598,1.05389685046018,Bajo,Alto
Medellin,Estadio,6.25992127784232,-75.594146157198,300,0.10573191762601,0.230578769920876,0.212682457762676,0.495560930740275,Medio,Alto
Medellin,El Socorro,6.26100799873792,-75.618046715915,301,0.559091849313751,0.23876901383633,0.792830467642652,1.15385624570239,Medio,Bajo
Medellin,Versalles No.2,6.26498523862665,-75.5396706801908,302,0.27646049804175,0.15994954199533,0.36098569118432,2.86318470709437,Medio,Medio
Medellin,Bomboná No.1,6.24368766963877,-75.5620543316563,303,0.299080182160508,0.101859004168599,0.176883617229945,0.916697781404308,Medio,Medio
Medellin,Centro Administrativo,6.24412937201572,-75.5736985580828,304,0.0586923451885418,0.640147328139924,0.426660029060838,0.241888246637462,Alto,Medio
Medellin,Campo Valdés No.2,6.27297189888577,-75.5519415658752,305,0.321054875972057,0.160123480998051,0.867457783999775,1.55007467310587,Alto,Medio
Medellin,Granada,6.23014532980591,-75.5932935260609,306,0.167400817428421,0.131577596901314,0.228171052151335,1.21700103010197,Bajo,Medio
Medellin,Los Alpes,6.23050174665302,-75.6078197176679,307,0.0429917159950775,0.137106662490292,0.462196918181,0.507301937924241,Medio,Medio
Medellin,Facultad de Minas U. Nacional,6.27363176574987,-75.5897932204524,308,0.400908713987783,0.492418277187674,0.288803755550612,0.716896239916938,Medio,Alto
Medellin,Campo Alegre,6.25351388283744,-75.6128030633964,309,0.160017726872059,0.331819388561,0.714291966065647,0.290263485473439,Medio,Alto
Medellin,Altavista,6.2243020795372,-75.6083756524307,310,0.115458126957278,0.237137119617337,1.04775738048257,1.07471566756464,Medio,Bajo
Medellin,La Sucia,6.35007587120272,-75.7125319200674,311,11.6683169504575,0.718553669244185,11.6759200964025,11.7165821214441,Alto,Medio
Medellin,La Aldea,6.34351503883445,-75.7006987736028,312,10.2166811399093,0.377873860693083,10.218222889839,10.2566034584364,Alto,Medio
Medellin,La Frisola,6.31428311350772,-75.693438557557,313,7.49259709089965,1.45526835026981,7.53200865769026,7.58456655345744,Bajo,Medio
Medellin,Volcana Guayabal,6.31916073266479,-75.6789162111237,314,6.57168002193118,2.29167350606865,6.57772282476513,6.61827189099637,Medio,Medio
Medellin,La Suiza,6.29577683773108,-75.702335624447,315,7.54693488531192,2.83846411979672,7.62175884769951,7.69960663176073,Medio,Alto
Medellin,San José de La Montaña,6.31025142649619,-75.6388959114364,316,3.63379311914944,0.676555642078388,3.52811629110258,3.5164540259079,Medio,Alto
Medellin,Naranjal,6.30666350298711,-75.6615954031265,317,4.23243658270823,1.07410291704753,4.22539009817542,4.26140958079365,Medio,Bajo
Medellin,Piedras Blancas - Matasano,6.27321995507639,-75.5178150527471,318,2.18516907995532,2.00314105947737,2.14490020383804,5.10212369259915,Alto,Medio
Medellin,Pajarito,6.29342422334722,-75.6068785866677,319,0.667736575220751,0.176531178096296,1.55467279959874,2.96453133950004,Alto,Medio
Medellin,El Uvito,6.29060364773917,-75.6624407541766,320,3.17324887888694,1.19787722715834,3.23213158282572,3.29186513903223,Bajo,Medio
Medellin,Travesías,6.28788499413107,-75.6433498556575,321,1.32777216889485,0.281353069796999,1.30449109980768,1.33800820667879,Medio,Medio
Medellin,Pedregal Alto,6.28676775691498,-75.628645459394,322,1.27400292021843,0.324648077907665,1.19649473723845,1.1331198107117,Medio,Medio
Medellin,El Patio,6.28111399404289,-75.6646041753623,323,3.09658992196503,0.840424402943634,3.18051728425566,3.27643995310217,Medio,Medio
Medellin,Las Playas,6.28267528019311,-75.6510378534898,324,1.65516020164934,0.282161095247433,1.72688938004695,1.8041138965281,Medio,Alto
Medellin,Área de Expansión San Cristóbal,6.26994377972478,-75.6082385456885,325,0.608390486310017,0.352674176930516,0.909925135280207,1.48184923245941,Alto,Alto
Medellin,Eduardo Santos,6.26194782924812,-75.6293750226673,326,0.916185274456559,0.369994871843276,0.975901594407049,2.02506106270166,Alto,Bajo
Medellin,Área de Expansión Altavista,6.22118251924304,-75.6139815404963,327,0.435155779494395,0.370559802879441,1.70168364306444,1.71877055998496,Bajo,Medio
Medellin,Área de Expansión Belén Rincón,6.21470963998738,-75.6069549704968,328,0.390613532411756,0.447218065034476,1.24919847605032,1.06830267970189,Medio,Medio
Medellin,Cabecera Urbana Corregimiento San Cristóbal,6.2778509543566,-75.631426488811,329,0.409154673594832,0.156109134779301,0.446262983840178,0.446112579282769,Medio,Medio
Medellin,San José del Manzanillo,6.20646179921303,-75.6109192864377,330,0.329818507815195,0.373501960997382,1.88460075086222,1.11104094982815,Medio,Medio
Medellin,Guayabal,6.19903853234786,-75.5854475266595,331,0.638152903120933,0.453614990276645,0.774712777888082,0.733366313959741,Medio,Alto
